[
  {
    "bn_title": "\u09b8\u09aa\u09cd\u09a4\u09be\u09b9\u09c7\u09b0 \u09b8\u09be\u09a4 \u09a6\u09bf\u09a8\u09c7\u09b0 \u09a8\u09be\u09ae",
    "en_title": "Days Of The Week",
    "bn_description": "",
    "en_description": "",
    "slug": "days_of_the_week",
    "bn_image_path": "images\/menu\/bndaysofthe_week.png",
    "en_image_path": "images\/menu\/days-of-the-week.svg"
  },
  {
    "bn_title": "\u09b8\u09aa\u09cd\u09a4\u09be\u09b9\u09c7\u09b0 \u09b8\u09be\u09a4 \u09a6\u09bf\u09a8\u09c7\u09b0 \u09a8\u09be\u09ae",
    "en_title": "Months Of The Year",
    "bn_description": "",
    "en_description": "",
    "slug": "months_of_the_year",
    "bn_image_path": "images\/menu\/bnmonthsofthe_year.png",
    "en_image_path": "images\/menu\/bnmonthsofthe_year.svg"
  }
]