{
  "days_of_the_week": [
    {
      "bengali": "\u09b6\u09a8\u09bf\u09ac\u09be\u09b0",
      "english": "Saturday",
      "slug": "saturday",
      "big_image_path": "images\/lesson\/bnsevendays\/bnsevendaysbig_saturday.png",
      "small_image_path": "images\/lesson\/bnsevendays\/bnsevendayssmall_saturday.png",
      "audio_path": "audios\/lesson\/bnsevendays\/bnsevendaysaudio_saturday.mp3"
    },
    {
      "bengali": "\u09b0\u09ac\u09bf\u09ac\u09be\u09b0",
      "english": "Sunday",
      "slug": "sunday",
      "big_image_path": "images\/lesson\/bnsevendays\/bnsevendaysbig_sunday.png",
      "small_image_path": "images\/lesson\/bnsevendays\/bnsevendayssmall_sunday.png",
      "audio_path": "audios\/lesson\/bnsevendays\/bnsevendaysaudio_sunday.mp3"
    },
    {
      "bengali": "\u09b8\u09cb\u09ae\u09ac\u09be\u09b0",
      "english": "Monday",
      "slug": "monday",
      "big_image_path": "images\/lesson\/bnsevendays\/bnsevendaysbig_monday.png",
      "small_image_path": "images\/lesson\/bnsevendays\/bnsevendayssmall_monday.png",
      "audio_path": "audios\/lesson\/bnsevendays\/bnsevendaysaudio_monday.mp3"
    },
    {
      "bengali": "\u09ae\u0999\u09cd\u0997\u09b2\u09ac\u09be\u09b0",
      "english": "Tuesday",
      "slug": "tuesday",
      "big_image_path": "images\/lesson\/bnsevendays\/bnsevendaysbig_tuesday.png",
      "small_image_path": "images\/lesson\/bnsevendays\/bnsevendayssmall_tuesday.png",
      "audio_path": "audios\/lesson\/bnsevendays\/bnsevendaysaudio_tuesday.mp3"
    },
    {
      "bengali": "\u09ac\u09c1\u09a7\u09ac\u09be\u09b0",
      "english": "Wednesday",
      "slug": "wednesday",
      "big_image_path": "images\/lesson\/bnsevendays\/bnsevendaysbig_wednesday.png",
      "small_image_path": "images\/lesson\/bnsevendays\/bnsevendayssmall_wednesday.png",
      "audio_path": "audios\/lesson\/bnsevendays\/bnsevendaysaudio_wednesday.mp3"
    },
    {
      "bengali": "\u09ac\u09c3\u09b9\u09b8\u09cd\u09aa\u09a4\u09bf\u09ac\u09be\u09b0",
      "english": "Thursday",
      "slug": "thursday",
      "big_image_path": "images\/lesson\/bnsevendays\/bnsevendaysbig_thursday.png",
      "small_image_path": "images\/lesson\/bnsevendays\/bnsevendayssmall_thursday.png",
      "audio_path": "audios\/lesson\/bnsevendays\/bnsevendaysaudio_thursday.mp3"
    },
    {
      "bengali": "\u09b6\u09c1\u0995\u09cd\u09b0\u09ac\u09be\u09b0",
      "english": "Friday",
      "slug": "friday",
      "big_image_path": "images\/lesson\/bnsevendays\/bnsevendaysbig_friday.png",
      "small_image_path": "images\/lesson\/bnsevendays\/bnsevendayssmall_friday.png",
      "audio_path": "audios\/lesson\/bnsevendays\/bnsevendaysaudio_friday.mp3"
    }
  ],
  "months_of_the_year": [
    {
      "bengali": "\u09b6\u09a8\u09bf\u09ac\u09be\u09b0",
      "english": "January",
      "slug": "january",
      "big_image_path": "images\/lesson\/bntwelvemonths\/bntwelvemonths_big.png",
      "small_image_path": "images\/lesson\/bntwelvemonths\/bntwelvemonthssmall_january.png",
      "audio_path": "audios\/lesson\/bntwelvemonths\/bntwelvemonths_audio.mp3"
    },
    {
      "bengali": "\u09b6\u09a8\u09bf\u09ac\u09be\u09b0",
      "english": "February",
      "slug": "february",
      "big_image_path": "images\/lesson\/bntwelvemonths\/bntwelvemonths_big.png",
      "small_image_path": "images\/lesson\/bntwelvemonths\/bntwelvemonthssmall_february.png",
      "audio_path": "audios\/lesson\/bntwelvemonths\/bntwelvemonths_audio.mp3"
    },
    {
      "bengali": "\u09b6\u09a8\u09bf\u09ac\u09be\u09b0",
      "english": "March",
      "slug": "march",
      "big_image_path": "images\/lesson\/bntwelvemonths\/bntwelvemonths_big.png",
      "small_image_path": "images\/lesson\/bntwelvemonths\/bntwelvemonthssmall_march.png",
      "audio_path": "audios\/lesson\/bntwelvemonths\/bntwelvemonths_audio.mp3"
    },
    {
      "bengali": "\u09b6\u09a8\u09bf\u09ac\u09be\u09b0",
      "english": "April",
      "slug": "april",
      "big_image_path": "images\/lesson\/bntwelvemonths\/bntwelvemonths_big.png",
      "small_image_path": "images\/lesson\/bntwelvemonths\/bntwelvemonthssmall_april.png",
      "audio_path": "audios\/lesson\/bntwelvemonths\/bntwelvemonths_audio.mp3"
    },
    {
      "bengali": "\u09b6\u09a8\u09bf\u09ac\u09be\u09b0",
      "english": "May",
      "slug": "may",
      "big_image_path": "images\/lesson\/bntwelvemonths\/bntwelvemonths_big.png",
      "small_image_path": "images\/lesson\/bntwelvemonths\/bntwelvemonthssmall_may.png",
      "audio_path": "audios\/lesson\/bntwelvemonths\/bntwelvemonths_audio.mp3"
    },
    {
      "bengali": "\u09b6\u09a8\u09bf\u09ac\u09be\u09b0",
      "english": "June",
      "slug": "june",
      "big_image_path": "images\/lesson\/bntwelvemonths\/bntwelvemonths_big.png",
      "small_image_path": "images\/lesson\/bntwelvemonths\/bntwelvemonthssmall_june.png",
      "audio_path": "audios\/lesson\/bntwelvemonths\/bntwelvemonths_audio.mp3"
    },
    {
      "bengali": "\u09b6\u09a8\u09bf\u09ac\u09be\u09b0",
      "english": "July",
      "slug": "july",
      "big_image_path": "images\/lesson\/bntwelvemonths\/bntwelvemonths_big.png",
      "small_image_path": "images\/lesson\/bntwelvemonths\/bntwelvemonthssmall_july.png",
      "audio_path": "audios\/lesson\/bntwelvemonths\/bntwelvemonths_audio.mp3"
    },
    {
      "bengali": "\u09b6\u09a8\u09bf\u09ac\u09be\u09b0",
      "english": "August",
      "slug": "august",
      "big_image_path": "images\/lesson\/bntwelvemonths\/bntwelvemonths_big.png",
      "small_image_path": "images\/lesson\/bntwelvemonths\/bntwelvemonthssmall_august.png",
      "audio_path": "audios\/lesson\/bntwelvemonths\/bntwelvemonths_audio.mp3"
    },
    {
      "bengali": "\u09b6\u09a8\u09bf\u09ac\u09be\u09b0",
      "english": "September",
      "slug": "september",
      "big_image_path": "images\/lesson\/bntwelvemonths\/bntwelvemonths_big.png",
      "small_image_path": "images\/lesson\/bntwelvemonths\/bntwelvemonthssmall_september.png",
      "audio_path": "audios\/lesson\/bntwelvemonths\/bntwelvemonths_audio.mp3"
    },
    {
      "bengali": "\u09b6\u09a8\u09bf\u09ac\u09be\u09b0",
      "english": "October",
      "slug": "october",
      "big_image_path": "images\/lesson\/bntwelvemonths\/bntwelvemonths_big.png",
      "small_image_path": "images\/lesson\/bntwelvemonths\/bntwelvemonthssmall_october.png",
      "audio_path": "audios\/lesson\/bntwelvemonths\/bntwelvemonths_audio.mp3"
    },
    {
      "bengali": "\u09b6\u09a8\u09bf\u09ac\u09be\u09b0",
      "english": "November",
      "slug": "november",
      "big_image_path": "images\/lesson\/bntwelvemonths\/bntwelvemonths_big.png",
      "small_image_path": "images\/lesson\/bntwelvemonths\/bntwelvemonthssmall_november.png",
      "audio_path": "audios\/lesson\/bntwelvemonths\/bntwelvemonths_audio.mp3"
    },
    {
      "bengali": "\u09b6\u09a8\u09bf\u09ac\u09be\u09b0",
      "english": "December",
      "slug": "december",
      "big_image_path": "images\/lesson\/bntwelvemonths\/bntwelvemonths_big.png",
      "small_image_path": "images\/lesson\/bntwelvemonths\/bntwelvemonthssmall_december.png",
      "audio_path": "audios\/lesson\/bntwelvemonths\/bntwelvemonths_audio.mp3"
    }
  ],
  "human_body_part": [
    {
      "bengali": "\u0995\u09be\u09a8",
      "english": "Ear",
      "slug": "slug",
      "big_image_path": "big-image.png",
      "small_image_path": "small-image.png",
      "audio_path": "audio.mp3"
    },
    {
      "bengali": "\u0995\u09be\u09a8\u09c7\u09b0 \u09aa\u09b0\u09cd\u09a6\u09be",
      "english": "Ear-drum",
      "slug": "slug",
      "big_image_path": "big-image.png",
      "small_image_path": "small-image.png",
      "audio_path": "audio.mp3"
    },
    {
      "bengali": "\u09ad\u09cd\u09b0\u09c1",
      "english": "Eyebrow",
      "slug": "slug",
      "big_image_path": "big-image.png",
      "small_image_path": "small-image.png",
      "audio_path": "audio.mp3"
    },
    {
      "bengali": "\u099a\u09cb\u0996\u09c7\u09b0 \u09aa\u09be\u09a4\u09be",
      "english": "Eyelid",
      "slug": "slug",
      "big_image_path": "big-image.png",
      "small_image_path": "small-image.png",
      "audio_path": "audio.mp3"
    },
    {
      "bengali": "\u099a\u09cb\u0996\u09c7\u09b0 \u09aa\u09be\u09aa\u09dc\u09bf",
      "english": "Eyelash",
      "slug": "slug",
      "big_image_path": "big-image.png",
      "small_image_path": "small-image.png",
      "audio_path": "audio.mp3"
    },
    {
      "bengali": "\u099a\u09cb\u0996",
      "english": "Eye",
      "slug": "slug",
      "big_image_path": "big-image.png",
      "small_image_path": "small-image.png",
      "audio_path": "audio.mp3"
    },
    {
      "bengali": "\u099a\u09cb\u0996\u09c7\u09b0 \u09aa\u09c1\u09a4\u09b2\u09bf \/ \u099a\u09cb\u0996\u09c7\u09b0 \u09a4\u09be\u09b0\u09be",
      "english": "Pupil",
      "slug": "slug",
      "big_image_path": "big-image.png",
      "small_image_path": "small-image.png",
      "audio_path": "audio.mp3"
    },
    {
      "bengali": "\u09a8\u09be\u0995",
      "english": "Nose",
      "slug": "slug",
      "big_image_path": "big-image.png",
      "small_image_path": "small-image.png",
      "audio_path": "audio.mp3"
    },
    {
      "bengali": "\u09a8\u09be\u0995\u09c7\u09b0 \u099b\u09bf\u09a6\u09cd\u09b0",
      "english": "Nostrils",
      "slug": "slug",
      "big_image_path": "big-image.png",
      "small_image_path": "small-image.png",
      "audio_path": "audio.mp3"
    },
    {
      "bengali": "\u0997\u09be\u09b2",
      "english": "Cheeks",
      "slug": "slug",
      "big_image_path": "big-image.png",
      "small_image_path": "small-image.png",
      "audio_path": "audio.mp3"
    },
    {
      "bengali": "\u099a\u09cb\u09df\u09be\u09b2",
      "english": "Jaw",
      "slug": "slug",
      "big_image_path": "big-image.png",
      "small_image_path": "small-image.png",
      "audio_path": "audio.mp3"
    },
    {
      "bengali": "\u09a5\u09c1\u09a4\u09a8\u09bf",
      "english": "Chin",
      "slug": "slug",
      "big_image_path": "big-image.png",
      "small_image_path": "small-image.png",
      "audio_path": "audio.mp3"
    },
    {
      "bengali": "\u09ae\u09c1\u0996",
      "english": "Mouth",
      "slug": "slug",
      "big_image_path": "big-image.png",
      "small_image_path": "small-image.png",
      "audio_path": "audio.mp3"
    },
    {
      "bengali": "\u09a0\u09cb\u0981\u099f",
      "english": "Lip",
      "slug": "slug",
      "big_image_path": "big-image.png",
      "small_image_path": "small-image.png",
      "audio_path": "audio.mp3"
    },
    {
      "bengali": "\u09a6\u09be\u0981\u09a4",
      "english": "Teeth",
      "slug": "slug",
      "big_image_path": "big-image.png",
      "small_image_path": "small-image.png",
      "audio_path": "audio.mp3"
    },
    {
      "bengali": "\u09a6\u09be\u0981\u09a4\u09c7\u09b0 \u09ae\u09be\u09dc\u09bf",
      "english": "Gums",
      "slug": "slug",
      "big_image_path": "big-image.png",
      "small_image_path": "small-image.png",
      "audio_path": "audio.mp3"
    },
    {
      "bengali": "\u099c\u09bf\u09b9\u09ac\u09be",
      "english": "Tongue",
      "slug": "slug",
      "big_image_path": "big-image.png",
      "small_image_path": "small-image.png",
      "audio_path": "audio.mp3"
    },
    {
      "bengali": "\u09ae\u09c1\u0996\u09ae\u09a3\u09cd\u09a1\u09b2",
      "english": "Face",
      "slug": "slug",
      "big_image_path": "big-image.png",
      "small_image_path": "small-image.png",
      "audio_path": "audio.mp3"
    },
    {
      "bengali": "\u0997\u09b2\u09be",
      "english": "Throat",
      "slug": "slug",
      "big_image_path": "big-image.png",
      "small_image_path": "small-image.png",
      "audio_path": "audio.mp3"
    },
    {
      "bengali": "\u0998\u09be\u09dc",
      "english": "Neck",
      "slug": "slug",
      "big_image_path": "big-image.png",
      "small_image_path": "small-image.png",
      "audio_path": "audio.mp3"
    },
    {
      "bengali": "\u0995\u09be\u0981\u09a7",
      "english": "Shoulder",
      "slug": "slug",
      "big_image_path": "big-image.png",
      "small_image_path": "small-image.png",
      "audio_path": "audio.mp3"
    },
    {
      "bengali": "\u09ac\u09c1\u0995",
      "english": "Chest",
      "slug": "slug",
      "big_image_path": "big-image.png",
      "small_image_path": "small-image.png",
      "audio_path": "audio.mp3"
    },
    {
      "bengali": "\u09aa\u09c7\u09b6\u09c0",
      "english": "Muscle",
      "slug": "slug",
      "big_image_path": "big-image.png",
      "small_image_path": "small-image.png",
      "audio_path": "audio.mp3"
    },
    {
      "bengali": "\u0995\u09a8\u09c1\u0987",
      "english": "Elbow",
      "slug": "slug",
      "big_image_path": "big-image.png",
      "small_image_path": "small-image.png",
      "audio_path": "audio.mp3"
    },
    {
      "bengali": "\u0995\u09ac\u09cd\u099c\u09bf",
      "english": "Wrist",
      "slug": "slug",
      "big_image_path": "big-image.png",
      "small_image_path": "small-image.png",
      "audio_path": "audio.mp3"
    },
    {
      "bengali": "\u09b9\u09be\u09a4\u09c7\u09b0 \u09a4\u09be\u09b2\u09c1",
      "english": "Palm",
      "slug": "slug",
      "big_image_path": "big-image.png",
      "small_image_path": "small-image.png",
      "audio_path": "audio.mp3"
    },
    {
      "bengali": "\u09b9\u09be\u09a4\u09c7\u09b0 \u0986\u0999\u09cd\u0997\u09c1\u09b2",
      "english": "Finger",
      "slug": "slug",
      "big_image_path": "big-image.png",
      "small_image_path": "small-image.png",
      "audio_path": "audio.mp3"
    },
    {
      "bengali": "\u09a8\u0996",
      "english": "Nails",
      "slug": "slug",
      "big_image_path": "big-image.png",
      "small_image_path": "small-image.png",
      "audio_path": "audio.mp3"
    },
    {
      "bengali": "\u09b9\u09be\u09a4",
      "english": "Hand",
      "slug": "slug",
      "big_image_path": "big-image.png",
      "small_image_path": "small-image.png",
      "audio_path": "audio.mp3"
    },
    {
      "bengali": "\u09a8\u09bf\u09a4\u09ae\u09cd\u09ac",
      "english": "Hip",
      "slug": "slug",
      "big_image_path": "big-image.png",
      "small_image_path": "small-image.png",
      "audio_path": "audio.mp3"
    },
    {
      "bengali": "\u0995\u09cb\u09ae\u09b0",
      "english": "Waist",
      "slug": "slug",
      "big_image_path": "big-image.png",
      "small_image_path": "small-image.png",
      "audio_path": "audio.mp3"
    },
    {
      "bengali": "\u09aa\u09be",
      "english": "Leg",
      "slug": "slug",
      "big_image_path": "big-image.png",
      "small_image_path": "small-image.png",
      "audio_path": "audio.mp3"
    },
    {
      "bengali": "\u09b9\u09be\u0981\u099f\u09c1",
      "english": "Knee",
      "slug": "slug",
      "big_image_path": "big-image.png",
      "small_image_path": "small-image.png",
      "audio_path": "audio.mp3"
    },
    {
      "bengali": "\u0997\u09cb\u09a1\u09bc\u09be\u09b2\u09bf",
      "english": "Ankle",
      "slug": "slug",
      "big_image_path": "big-image.png",
      "small_image_path": "small-image.png",
      "audio_path": "audio.mp3"
    },
    {
      "bengali": "\u09aa\u09be\u09df\u09c7\u09b0 \u0997\u09cb\u09dc\u09be\u09b2\u09bf",
      "english": "Heal",
      "slug": "slug",
      "big_image_path": "big-image.png",
      "small_image_path": "small-image.png",
      "audio_path": "audio.mp3"
    },
    {
      "bengali": "\u09aa\u09be",
      "english": "Foot",
      "slug": "slug",
      "big_image_path": "big-image.png",
      "small_image_path": "small-image.png",
      "audio_path": "audio.mp3"
    },
    {
      "bengali": "\u09aa\u09be\u09df\u09c7\u09b0 \u0986\u0999\u09cd\u0997\u09c1\u09b2",
      "english": "Toe",
      "slug": "slug",
      "big_image_path": "big-image.png",
      "small_image_path": "small-image.png",
      "audio_path": "audio.mp3"
    },
    {
      "bengali": "\u09aa\u09be\u09df\u09c7\u09b0 \u09a4\u09b2\u09be \/ \u09aa\u09be\u09df\u09c7\u09b0 \u09a4\u09be\u09b2\u09c1",
      "english": "Sole",
      "slug": "slug",
      "big_image_path": "big-image.png",
      "small_image_path": "small-image.png",
      "audio_path": "audio.mp3"
    },
    {
      "bengali": "\u09aa\u09c7\u099f",
      "english": "Belly",
      "slug": "slug",
      "big_image_path": "big-image.png",
      "small_image_path": "small-image.png",
      "audio_path": "audio.mp3"
    },
    {
      "bengali": "\u09a8\u09be\u09ad\u09bf",
      "english": "Navel",
      "slug": "slug",
      "big_image_path": "big-image.png",
      "small_image_path": "small-image.png",
      "audio_path": "audio.mp3"
    },
    {
      "bengali": "\u09ac\u09c1\u0995\u09c7\u09b0 \u09aa\u09be\u0981\u099c\u09b0",
      "english": "Ribs",
      "slug": "slug",
      "big_image_path": "big-image.png",
      "small_image_path": "small-image.png",
      "audio_path": "audio.mp3"
    },
    {
      "bengali": "\u09b9\u09c3\u09a6\u09aa\u09bf\u09a8\u09cd\u09a1 \/ \u09b9\u09c3\u09a6\u09af\u09a8\u09cd\u09a4\u09cd\u09b0",
      "english": "Heart",
      "slug": "slug",
      "big_image_path": "big-image.png",
      "small_image_path": "small-image.png",
      "audio_path": "audio.mp3"
    },
    {
      "bengali": "\u0995\u09b2\u09bf\u099c\u09be \/ \u09af\u0995\u09c3\u09ce",
      "english": "Liver",
      "slug": "slug",
      "big_image_path": "big-image.png",
      "small_image_path": "small-image.png",
      "audio_path": "audio.mp3"
    },
    {
      "bengali": "\u09aa\u09be\u0995\u09b8\u09cd\u09a5\u09b2\u09c0",
      "english": "Stomach",
      "slug": "slug",
      "big_image_path": "big-image.png",
      "small_image_path": "small-image.png",
      "audio_path": "audio.mp3"
    },
    {
      "bengali": "\u0995\u09bf\u09a1\u09a8\u09bf \/ \u09ac\u09c3\u0995\u09cd\u0995",
      "english": "Kidney",
      "slug": "slug",
      "big_image_path": "big-image.png",
      "small_image_path": "small-image.png",
      "audio_path": "audio.mp3"
    },
    {
      "bengali": "\u09b0\u0995\u09cd\u09a4",
      "english": "Blood",
      "slug": "slug",
      "big_image_path": "big-image.png",
      "small_image_path": "small-image.png",
      "audio_path": "audio.mp3"
    },
    {
      "bengali": "\u09ab\u09c1\u09b8\u09ab\u09c1\u09b8",
      "english": "Lungs",
      "slug": "slug",
      "big_image_path": "big-image.png",
      "small_image_path": "small-image.png",
      "audio_path": "audio.mp3"
    },
    {
      "bengali": "\u09b6\u09bf\u09b0\u09be",
      "english": "Vein",
      "slug": "slug",
      "big_image_path": "big-image.png",
      "small_image_path": "small-image.png",
      "audio_path": "audio.mp3"
    }
  ]
}